{
    "$schema": "https://schema.management.azure.com/schemas/2019-04-01/deploymentTemplate.json#",
    "contentVersion": "1.0.0.0",
    "parameters": {
        "workspaceName": {
            "type": "string",
            "metadata": {
                "description": "Workspace name for Log Analytics where Sentinel is setup."
            }
        }
    },
      "resources": [
          {
          "name": "[concat(parameters('workspaceName'), '/Microsoft.SecurityInsights/ReferenceTemplate')]",
          "type": "Microsoft.OperationalInsights/workspaces/providers/Watchlists",
          "properties": {
              "displayName": "DataminrPulseAsset",
              "watchlistAlias": "DataminrAssetLookup",
              "source": "dataminr_asset_close_proximity_alerting.csv",
              "description": "Watchlist contains data of assets to use in Close Proximity Overview dashboard.",
              "provider": "Custom",
              "isDeleted": false,
              "defaultDuration": "P1000Y",
              "contentType": "Text/Csv",
              "numberOfLinesToSkip": 0,
              "itemsSearchKey": "asset_name",
              "rawContent": "asset_name, asset_type, asset_description, asset_lat, asset_long, alerting_distance_miles\r\nDataminr_Newyork,Office,Dataminr Inc.,135 Madison Ave Floor 10, New York, NY 10016,United States,40.745900,-73.983940,5\r\nDataminr_Bozeman,Office,Dataminr Inc.,131 W Main St, Unit D, Bozeman, MT 59715,45.6794878,-111.0398014,5\r\nDataminr_Virginia,Office,Dataminr Inc.,2101 Wilson Blvd #1002,Arlington, VA 22201,United States,38.8940199,-77.0683043,5\r\nDataminr_Dublin,Office,Dataminr Inc.,2 Windmill Lane,D02 K156, Dublin, Ireland,53.3458505,-6.245248,5\r\nDataminr_London,Office,Dataminr Inc.,10 York Rd, London SE1 7ND, UK,51.5037543,-0.1181606,5\r\nDataminr_Melbourne,Office,Dataminr Inc.,120 Spencer St, Melbourne VIC 3000, Australia,-37.8182119,144.9521438,5\r\nDataminr_Seattle,Office,Dataminr Inc.,925 4th Ave #11th, Seattle, WA 98104,47.6054854,-122.3354275,5"
          },
          "apiVersion": "2022-08-01"
          }       
      ]
  }
     