{
    "$schema": "https://schema.management.azure.com/schemas/2019-04-01/deploymentTemplate.json#",
    "contentVersion": "1.0.0.0",
    "parameters": {
        "workspaceName": {
            "type": "string",
            "metadata": {
                "description": "Workspace name for Log Analytics where Sentinel is setup"
            }
        }
    },
      "resources": [
          {
          "name": "[concat(parameters('workspaceName'), '/Microsoft.SecurityInsights/ReferenceTemplate')]",
          "type": "Microsoft.OperationalInsights/workspaces/providers/Watchlists",
          "properties": {
              "displayName": "DataminrPulseVulnerableHash",
              "watchlistAlias": "DataminrVulnerableHashLookup",
              "source": "dataminr_vulnerable_hashes_30d.csv",
              "description": "Watchlist contains data of vulnerable hashes of Dataminr to use in IOC Overview dashboard.",
              "provider": "Custom",
              "isDeleted": false,
              "defaultDuration": "P1000Y",
              "contentType": "Text/Csv",
              "numberOfLinesToSkip": 0,
              "itemsSearchKey": "hash",
              "rawContent": "hash,caption,_time,source\r\n3f7eae6cc61fdc2553a2acdede69be84945a7a724b632dea3ff8466f74b56249,Sample of android malware GodFather impersonating MYT Music app to target Turkish users detected and analyzed: Blog via VirusTotal.,1671560525,VirusTotal\r\n"
          },
          "apiVersion": "2022-08-01"
          }       
      ]
  }
     