{
    "publisherId": "dataminr_pulse",
    "offerId": "dataminr_sentinel",
    "firstPublishDate": "2023-04-12",
    "lastPublishDate": "2023-04-12",
    "providers": [
        "Dataminr"
    ],
    "categories": {
        "domains": [
            "Security - Others",
            "Security - Threat Intelligence",
            "Security - Automation (SOAR)"
        ]
    },
    "support": {
        "name": "Dataminr Support",
        "email": "support@dataminr.com",
        "tier": "Partner",
        "link": "https://www.dataminr.com/dataminr-support#support"
    }
}