{
    "Name": "Dataminr Pulse",
    "Author": "Dataminr - info@dataminr.com",
    "Logo": "<img src=\"https://raw.githubusercontent.com/Azure/Azure-Sentinel/master/Logos/DataminrPulse.svg\" width=\"75px\" height=\"75px\">",
    "Description": "Dataminr Pulse brings the most advanced AI-powered real-time intelligence into Microsoft Sentinel, easily fitting into your workflows and enabling rapid identification and mitigation of emerging threats so you can deliver faster time to detection and response.",
    "Analytic Rules": [
        "Analytic Rules/DataminrSentinelAlerts.yaml"
    ],
    "Workbooks": [
        "Workbooks/DataminrPulseAlerts.json"
    ],
    "Watchlists": [
        "Watchlists/DataminrPulse-Asset/DataminrPulseAsset.json",
        "Watchlists/DataminrPulse-VulnerableDomain/DataminrPulseVulnerableDomain.json",
        "Watchlists/DataminrPulse-VulnerableHash/DataminrPulseVulnerableHash.json",
        "Watchlists/DataminrPulse-VulnerableIp/DataminrPulseVulnerableIp.json",
        "Watchlists/DataminrPulse-VulnerableMalware/DataminrPulseVulnerableMalware.json"
    ],
    "Playbooks": [
        "Playbooks/DataminrPulseAlertEnrichment/azuredeploy.json"
    ],
    "Parsers": [
        "Parsers/DataminrPulseAlerts.txt",
        "Parsers/DataminrPulseCyberAlerts.txt"
    ],
    "Data Connectors": [
        "Data Connectors/DataminrPulseAlerts/DataminrPulseAlerts_FunctionApp.json"
    ],
    "BasePath": "C:\\Azure-Sentinel\\Solutions\\Dataminr Pulse",
    "Version": "3.0.0",
    "Metadata": "SolutionMetadata.json",
    "TemplateSpec": true,
    "Is1PConnector": false
}