{
  "$schema": "https://schema.management.azure.com/schemas/0.1.2-preview/CreateUIDefinition.MultiVm.json#",
  "handler": "Microsoft.Azure.CreateUIDef",
  "version": "0.1.2-preview",
  "parameters": {
    "config": {
      "isWizard": false,
      "basics": {
        "description": "<img src=\"https://raw.githubusercontent.com/Azure/Azure-Sentinel/master/Logos/DataminrPulse.svg\" width=\"75px\" height=\"75px\">\n\n**Note:** _There may be [known issues](https://aka.ms/sentinelsolutionsknownissues) pertaining to this Solution, please refer to them before installing._\n\nDataminr Pulse brings the most advanced AI-powered real-time intelligence into Microsoft Sentinel, easily fitting into your workflows and enabling rapid identification and mitigation of emerging threats so you can deliver faster time to detection and response.\n\n**Data Connectors:** 1, **Parsers:** 2, **Workbooks:** 1, **Analytic Rules:** 1, **Watchlists:** 5, **Playbooks:** 1\n\n[Learn more about Microsoft Sentinel](https://aka.ms/azuresentinel) | [Learn more about Solutions](https://aka.ms/azuresentinelsolutionsdoc)",
        "subscription": {
          "resourceProviders": [
            "Microsoft.OperationsManagement/solutions",
            "Microsoft.OperationalInsights/workspaces/providers/alertRules",
            "Microsoft.Insights/workbooks",
            "Microsoft.Logic/workflows"
          ]
        },
        "location": {
          "metadata": {
            "hidden": "Hiding location, we get it from the log analytics workspace"
          },
          "visible": false
        },
        "resourceGroup": {
          "allowExisting": true
        }
      }
    },
    "basics": [
      {
        "name": "getLAWorkspace",
        "type": "Microsoft.Solutions.ArmApiControl",
        "toolTip": "This filters by workspaces that exist in the Resource Group selected",
        "condition": "[greater(length(resourceGroup().name),0)]",
        "request": {
          "method": "GET",
          "path": "[concat(subscription().id,'/providers/Microsoft.OperationalInsights/workspaces?api-version=2020-08-01')]"
        }
      },
      {
        "name": "workspace",
        "type": "Microsoft.Common.DropDown",
        "label": "Workspace",
        "placeholder": "Select a workspace",
        "toolTip": "This dropdown will list only workspace that exists in the Resource Group selected",
        "constraints": {
          "allowedValues": "[map(filter(basics('getLAWorkspace').value, (filter) => contains(toLower(filter.id), toLower(resourceGroup().name))), (item) => parse(concat('{\"label\":\"', item.name, '\",\"value\":\"', item.name, '\"}')))]",
          "required": true
        },
        "visible": true
      }
    ],
    "steps": [
      {
        "name": "dataconnectors",
        "label": "Data Connectors",
        "bladeTitle": "Data Connectors",
        "elements": [
          {
            "name": "dataconnectors1-text",
            "type": "Microsoft.Common.TextBlock",
            "options": {
              "text": "This Solution installs the data connector for Dataminr Pulse. You can get Dataminr Pulse custom log data in your Microsoft Sentinel workspace. After installing the solution, configure and enable this data connector by following guidance in Manage solution view."
            }
          },
          {
            "name": "dataconnectors-parser-text",
            "type": "Microsoft.Common.TextBlock",
            "options": {
              "text": "The Solution installs a parser that transforms the ingested data into Microsoft Sentinel normalized format. The normalized format enables better correlation of different types of data from different data sources to drive end-to-end outcomes seamlessly in security monitoring, hunting, incident investigation and response scenarios in Microsoft Sentinel."
            }
          },
          {
            "name": "dataconnectors-link2",
            "type": "Microsoft.Common.TextBlock",
            "options": {
              "link": {
                "label": "Learn more about connecting data sources",
                "uri": "https://docs.microsoft.com/azure/sentinel/connect-data-sources"
              }
            }
          }
        ]
      },
      {
        "name": "workbooks",
        "label": "Workbooks",
        "subLabel": {
          "preValidation": "Configure the workbooks",
          "postValidation": "Done"
        },
        "bladeTitle": "Workbooks",
        "elements": [
          {
            "name": "workbooks-text",
            "type": "Microsoft.Common.TextBlock",
            "options": {
              "text": "This solution installs workbook(s) to help you gain insights into the telemetry collected in Microsoft Sentinel. After installing the solution, start using the workbook in Manage solution view."
            }
          },
          {
            "name": "workbooks-link",
            "type": "Microsoft.Common.TextBlock",
            "options": {
              "link": {
                "label": "Learn more",
                "uri": "https://docs.microsoft.com/azure/sentinel/tutorial-monitor-your-data"
              }
            }
          },
          {
            "name": "workbook1",
            "type": "Microsoft.Common.Section",
            "elements": [
              {
                "name": "workbook1-text",
                "type": "Microsoft.Common.TextBlock"
              }
            ]
          }
        ]
      },
      {
        "name": "analytics",
        "label": "Analytics",
        "subLabel": {
          "preValidation": "Configure the analytics",
          "postValidation": "Done"
        },
        "bladeTitle": "Analytics",
        "elements": [
          {
            "name": "analytics-text",
            "type": "Microsoft.Common.TextBlock",
            "options": {
              "text": "This solution installs the following analytic rule templates. After installing the solution, create and enable analytic rules in Manage solution view."
            }
          },
          {
            "name": "analytics-link",
            "type": "Microsoft.Common.TextBlock",
            "options": {
              "link": {
                "label": "Learn more",
                "uri": "https://docs.microsoft.com/azure/sentinel/tutorial-detect-threats-custom?WT.mc_id=Portal-Microsoft_Azure_CreateUIDef"
              }
            }
          },
          {
            "name": "analytic1",
            "type": "Microsoft.Common.Section",
            "label": "Dataminr - urgent alerts detected",
            "elements": [
              {
                "name": "analytic1-text",
                "type": "Microsoft.Common.TextBlock",
                "options": {
                  "text": "Rule helps to detect whenever there is an alert found which has urgent alert-type in Dataminr."
                }
              }
            ]
          }
        ]
      },
      {
        "name": "watchlists",
        "label": "Watchlists",
        "subLabel": {
          "preValidation": "Configure the watchlists",
          "postValidation": "Done"
        },
        "bladeTitle": "Watchlists",
        "elements": [
          {
            "name": "watchlists-text",
            "type": "Microsoft.Common.TextBlock",
            "options": {
              "text": "Microsoft Sentinel watchlists enable the collection of data from external data sources for correlation with the events in your Microsoft Sentinel environment. Once created, you can use watchlists in your search, detection rules, threat hunting, and response playbooks. Watchlists are stored in your Microsoft Sentinel workspace as name-value pairs and are cached for optimal query performance and low latency. Once deployment is successful, the installed watchlists will be available in the Watchlists blade under 'My Watchlists'.",
              "link": {
                "label": "Learn more",
                "uri": "https://aka.ms/sentinelwatchlists"
              }
            }
          },
          {
            "name": "watchlist1",
            "type": "Microsoft.Common.Section",
            "label": "DataminrPulseAsset",
            "elements": [
              {
                "name": "watchlist1-text",
                "type": "Microsoft.Common.TextBlock",
                "options": {
                  "text": "Watchlist contains data of assets to use in Close Proximity Overview dashboard."
                }
              }
            ]
          },
          {
            "name": "watchlist2",
            "type": "Microsoft.Common.Section",
            "label": "DataminrPulseVulnerableDomain",
            "elements": [
              {
                "name": "watchlist2-text",
                "type": "Microsoft.Common.TextBlock",
                "options": {
                  "text": "Watchlist contains data of vulnerable domains of Dataminr to use in IOC Overview dashboard."
                }
              }
            ]
          },
          {
            "name": "watchlist3",
            "type": "Microsoft.Common.Section",
            "label": "DataminrPulseVulnerableHash",
            "elements": [
              {
                "name": "watchlist3-text",
                "type": "Microsoft.Common.TextBlock",
                "options": {
                  "text": "Watchlist contains data of vulnerable hashes of Dataminr to use in IOC Overview dashboard."
                }
              }
            ]
          },
          {
            "name": "watchlist4",
            "type": "Microsoft.Common.Section",
            "label": "DataminrPulseVulnerableIp",
            "elements": [
              {
                "name": "watchlist4-text",
                "type": "Microsoft.Common.TextBlock",
                "options": {
                  "text": "Watchlist contains data of vulnerable ips of Dataminr to use in IOC Overview dashboard."
                }
              }
            ]
          },
          {
            "name": "watchlist5",
            "type": "Microsoft.Common.Section",
            "label": "DataminrPulseVulnerableMalware",
            "elements": [
              {
                "name": "watchlist5-text",
                "type": "Microsoft.Common.TextBlock",
                "options": {
                  "text": "Watchlist contains data of vulnerable malwares of Dataminr to use in IOC Overview dashboard."
                }
              }
            ]
          }
        ]
      },
      {
        "name": "playbooks",
        "label": "Playbooks",
        "subLabel": {
          "preValidation": "Configure the playbooks",
          "postValidation": "Done"
        },
        "bladeTitle": "Playbooks",
        "elements": [
          {
            "name": "playbooks-text",
            "type": "Microsoft.Common.TextBlock",
            "options": {
              "text": "This solution installs the Playbook templates to help implement your Security Orchestration, Automation and Response (SOAR) operations. After installing the solution, these will be deployed under Playbook Templates in the Automation blade in Microsoft Sentinel. They can be configured and managed from the Manage solution view in Content Hub."
            }
          },
          {
            "name": "playbooks-link",
            "type": "Microsoft.Common.TextBlock",
            "options": {
              "link": {
                "label": "Learn more",
                "uri": "https://docs.microsoft.com/azure/sentinel/tutorial-respond-threats-playbook?WT.mc_id=Portal-Microsoft_Azure_CreateUIDef"
              }
            }
          }
        ]
      }
    ],
    "outputs": {
      "workspace-location": "[first(map(filter(basics('getLAWorkspace').value, (filter) => and(contains(toLower(filter.id), toLower(resourceGroup().name)),equals(filter.name,basics('workspace')))), (item) => item.location))]",
      "location": "[location()]",
      "workspace": "[basics('workspace')]"
    }
  }
}
